Item Names,ID,Type,Exclusive To,Cost,Effect
Master Roshi Training,00_0_0000,Capsule,,1,"Increases maximum health by 2,500 HP (1/4 of a bar)."
Rush Attack Boost 1,00_0_0005,Capsule,,1,Increases Rush Attack damage by 2.5%.
Rush Attack Boost 2,00_0_0006,Capsule,,3,Increases Rush Attack damage by 5%.
Rush Attack Boost 3,00_0_0007,Capsule,,5,Increases Rush Attack damage by 7.5%.
Smash Attack Boost 1,00_0_0011,Capsule,,1,"Increases Smash Attack damage by 2.5%. 
Increases Rush Chain damage by 2.5%."
Smash Attack Boost 2,00_0_0012,Capsule,,3,"Increases Smash Attack damage by 5%. 
Increases Rush Chain damage by 5%."
Smash Attack Boost 3,00_0_0013,Capsule,,5,"Increases Smash Attack damage by 7.5%. 
Increases Rush Chain damage by 7.5%."
Ki Blast Attack Boost 1,00_0_0014,Capsule,,1,"Increases Rush Ki Blast damage by 2.5%. 
Increases Smash Ki Blast damage by 2.5%."
Ki Blast Attack Boost 2,00_0_0015,Capsule,,3,"Increases Rush Ki Blast damage by 5%. 
Increases Smash Ki Blast damage by 5%."
Ki Blast Attack Boost 3,00_0_0016,Capsule,,5,"Increases Rush Ki Blast damage by 7.5%. 
Increases Smash Ki Blast damage by 7.5%."
Power Unleashed,00_0_0023,Capsule,,2,Increases Burst Rush damage by 5%.
Finishing Blow,00_0_0024,Capsule,,1,Increases Burst Meteor damage by 5%.
Blast Burst,00_0_0026,Capsule,,1,"Increases ki cost for Blasts by 1 bar. 
Increases Blast damage by 5%. 
Increases Blast Combo damage by 5%."
Ultimate Burst,00_0_0027,Capsule,,2,"Increases ki cost for Ultimate Blasts by 1 bar. 
Causes stun when Sparking Mode ends after using Ultimate Blast. 
Increases Ultimate Blast damage by 5%."
Blast Attack Boost 1,00_0_0028,Capsule,,1,"Increases Blast damage by 2.5%. 
Increases Blast Combo damage by 2.5%. 
Increases Ultimate Blast damage by 2.5%."
Blast Attack Boost 2,00_0_0029,Capsule,,3,"Increases Blast damage by 5%. 
Increases Blast Combo damage by 5%. 
Increases Ultimate Blast damage by 5%."
Blast Attack Boost 3,00_0_0030,Capsule,,5,"Increases Blast damage by 7.5%. 
Increases Blast Combo damage by 7.5%. 
Increases Ultimate Blast damage by 7.5%."
Super Warrior,00_0_0031,Capsule,,2,Increases Rush Attack damage by 5% during Sparking Mode.
Draconic Aura,00_0_0032,Capsule,,4,"Increases armor break level by 3.
Beats Power body and Light body."
Light Body,00_0_0033,Capsule,,4,"Increases bullet armor level by 3.
Cannot be flinched by Ki Blasts (Giants and Sparking ignore this capsule)."
Dragon Rush,00_0_0035,Capsule,,3,"Increases armor break level by 3 against Rush Attack category actions.
Beats Power Body."
The Secret to Counters,00_0_0037,Capsule,,5,Reduces Skill Count needed for Super Z-Counters by 1 (minimum 1).
Fury!,00_0_0038,Capsule,,4,"Increases Blast damage by 5% at 75% HP. 
Increases Blast damage by additional 5% (10% total) at 50% HP. 
Increases Blast damage by additional 5% (15% total) at 25% HP. 
Increases Blast Combo damage by same amounts."
Active Heart,00_0_0039,Capsule,,1,Increases ki gained from landing attacks by 10%.
Indomitable Fighting Spirit,00_0_0040,Capsule,,3,Increases ki gained from landing attacks by 20%.
Warming Up,00_0_0041,Capsule,,2,Increases health recovery while on standby in Team Battles by 50%.
Ready for Anything,00_0_0042,Capsule,,1,Increases ki recovery per second while on standby in Team Battles by 50%.
Z-Burst Dash Master,00_0_0046,Capsule,,3,Reduces ki cost for Z-Burst Dashes by 50%.
The Secret to Z-Burst Dashes,00_0_0047,Capsule,,5,Reduces ki cost for Z-Burst Dashes by 100% (free).
Proof of Friendship,00_0_0048,Capsule,,2,Switch gauge starts at maximum.
Dragon Spirit,00_0_0055,Capsule,,3,Increases skill gauge recovery speed by 25%.
Super Transformation,00_0_0066,Capsule,,1,Reduces Skill Count needed for Transformations and Fusions by 1 (minimum 1).
Fighting Spirit,00_0_0068,Capsule,,5,"Increases Ultimate Blast damage by 5% at 75% HP. 
Increases Ultimate Blast damage by additional 5% (10% total) at 50% HP. 
Increases Ultimate Blast damage by additional 5% (15% total) at 25% HP."
Divine Blow,00_0_0070,Capsule,,3,Increases Ultimate Blast damage by 5%.
Rising Fighting Spirit,00_0_0072,Capsule,,3,Ki gauge starts at maximum.
Power of Namek,00_0_0074,Capsule,,5,"Increases all attack damage by 2.5% on Namek map.
Increases Rush, Smash, Combo, Ki Blasts, Blasts, Ultimate Blasts, Throws, Parries, Pursuits."
Power of Earth,00_0_0075,Capsule,,5,"Increases all attack damage by 2.5% on Earth maps (excluding City Ruins and Hyperbolic Time Chamber).
Increases Rush, Smash, Combo, Ki Blasts, Blasts, Ultimate Blasts, Throws, Parries, Pursuits."
Power of the Universe,00_0_0076,Capsule,,5,"Increases all attack damage by 2.5% on Tournament of Power map.
Increases Rush, Smash, Combo, Ki Blasts, Blasts, Ultimate Blasts, Throws, Parries, Pursuits."
Perfect Guard,00_0_0082,Capsule,,5,Take no damage while guarding.
Crisis Avoided,00_0_0092,Capsule,,1,Reduces ki cost for Short Dashes by 10%.
Battle Control,00_0_0093,Capsule,,2,Increases Switch gauge recovery by 50% in Team Battles.
Latent Power Unleashed 1,00_0_0094,Capsule,,1,Ki gauge starts with 1 bar extra.
Latent Power Unleashed 2,00_0_0095,Capsule,,2,Ki gauge starts with 2 bars extra.
Big Impact,00_0_0096,Capsule,,1,"Increases all Impact Action damage by 20% per DP advantage enemy has over you (stacks up to 5 times for 100% total). 
Only active when enemy has 1-5 more DP than you."
Mind Breaker,00_0_0098,Capsule,,1,Increases ki damage dealt after successful Guard Clash by 50%.
Waters Blessing,00_0_0099,Capsule,,1,Regenerates 100 HP per second and 100 ki per second while in water (1 bar of health and ki every 100 seconds).
Miracle Master,00_0_0101,Capsule,,1,Automatically dodges melee attacks when downed (excludes Ki Blasts).
Latent Power!,00_0_0102,Capsule,,5,"Increases damage resistance by 2.5% at 75% HP. 
Increases damage resistance by additional 5% (7.5% total) at 50% HP. 
Increases damage resistance by additional 7.5% (15% total) at 25% HP."
Guard Master,00_0_0103,Capsule,,1,Grants immunity to Guard Clashes.
Mirage,00_0_0104,Capsule,,1,Automatically dodges subsequent barrage Blasts after dodging one with High-Speed Movement or High-Speed Evasion.
Dendes Healing Ability,00_0_0111,Capsule,,4,"Recovers 5,000 HP (half a bar) every 60 seconds."
Rising Tension,00_0_0112,Capsule,,3,Recovers 1 bar of ki every 60 seconds
Melee Charge 1,00_0_0113,Capsule,,1,"Reduces charging time for Smash Attacks by 2%. 
Reduces charging time for Rush Chains by 2%."
Melee Charge 2,00_0_0114,Capsule,,2,"Reduces charging time for Smash Attacks by 3%. 
Reduces charging time for Rush Chains by 3%."
Melee Charge 3,00_0_0115,Capsule,,3,"Reduces charging time for Smash Attacks by 5%. 
Reduces charging time for Rush Chains by 5%."
Energy Saver 1,00_0_0116,Capsule,,1,"Reduces ki cost for Rush Ki Blasts by 2%. 
Reduces ki cost for Smash Ki Blasts by 2%."
Energy Saver 2,00_0_0117,Capsule,,2,"Reduces ki cost for Rush Ki Blasts by 3%. 
Reduces ki cost for Smash Ki Blasts by 3%."
Energy Saver 3,00_0_0118,Capsule,,3,"Reduces ki cost for Rush Ki Blasts by 5%. 
Reduces ki cost for Smash Ki Blasts by 5%."
Ki Blast Charge 1,00_0_0119,Capsule,,1,Reduces charging time for Smash Ki Blasts by 2%.
Ki Blast Charge 2,00_0_0120,Capsule,,2,Reduces charging time for Smash Ki Blasts by 3%.
Ki Blast Charge 3,00_0_0121,Capsule,,3,Reduces charging time for Smash Ki Blasts by 5%.
Dragon Assault,00_0_0122,Capsule,,3,Reduces ki cost for Vanishing Assaults by 15%.
Power Body,00_0_0123,Capsule,,5,"Increases combatives armor level by 3. 
Reduces melee defense by 20%. 
Reduces blast defense by 10%."
Speed Up,00_0_0124,Capsule,,3,Reduces ki cost for Short Dashes by 20%.
Exquisite Skill,00_0_0125,Capsule,,1,"Reduces self recovery time when stunned/restrained by 20%. 
Increases enemy recovery time when stunned/restrained by 20%."
Ki Control,00_0_0126,Capsule,,3,"Reduces ki cost for Dragon Dashes by 25%. 
Reduces automatic ki recovery by 5%."
The Secret to Dragon Dashes,00_0_0127,Capsule,,5,Reduces ki cost for Dragon Dashes by 25%.
Savior,00_0_0128,Capsule,,5,"Activates Sparking Mode on first switch-in. 
Only activates once per team in Team Battles."
Combo Master,00_0_0129,Capsule,,1,Reduces combo damage scaling by 2.5%.
Combo King,00_0_0130,Capsule,,2,Reduces combo damage scaling by 5%.
God Ki,00_0_0131,Capsule,,5,"Reduces ki cost for Blasts by 50%. 
Recovers 1 bar of ki after unsuccessful Blast."
Sparking! Plus,00_0_0132,Capsule,,1,"Reduces Sparking Mode gauge decrease speed by 15%. 
Reduces melee defense by 20%. 
Reduces blast defense by 10%."
Style of the Strong,00_0_0133,Capsule,,2,Reduces Sparking Mode gauge decrease speed by 15%.
Dragon Break,00_0_0134,Capsule,,2,Increases Dragon Homing use limit by 1.
Dragon Crash,00_0_0135,Capsule,,2,Increases Dragon Smash damage by 5%.
Vanishing Break,00_0_0136,Capsule,,2,Increases Vanishing Attack use limit by 1.
Vanishing Crash,00_0_0137,Capsule,,2,Increases Vanishing Attack damage by 5%.
Secret Measures,00_0_0138,Capsule,,2,Grants 1 additional Skill Count.
Rush Ki Blast 1,00_0_0139,Capsule,,1,Increases Rush Ki Blast speed by 5%.
Rush Ki Blast Count Boost,00_0_0140,Capsule,,1,Increases Rush Ki Blast maximum count by 2.
Master Strike,00_0_0141,Capsule,,3,"Increases Rush Attack damage by 5%. 
Increases Smash Attack damage by 5%. 
Increases Rush Chain damage by 5%. 
Reduces maximum health by 5,000 HP (half a bar)."
Master Ki Blast,00_0_0142,Capsule,,2,"Increases Rush Ki Blast speed by 5%. 
Reduces ki cost for Rush Ki Blasts by 5%. 
Reduces ki cost for Smash Ki Blasts by 5%. 
Reduces maximum health by 5,000 HP (half a bar)."
Master Throw,00_0_0143,Capsule,,1,Increases Throw damage by 5%.
High-Speed Movement Master,00_0_0144,Capsule,,1,"Reduces Sparking gauge cost for High-Speed Movements by 25%. 
Reduces all defense by 20%."
The Secret to High-Speed Movements,00_0_0145,Capsule,,1,Reduces Sparking gauge cost for High-Speed Movements by 25%.
Super Movement Master,00_0_0146,Capsule,,1,"Reduces Sparking gauge cost for Super Movements by 25%. 
Reduces all defense by 20%."
The Secret to Super Movements,00_0_0147,Capsule,,1,Reduces Sparking gauge cost for Super Movements by 25%.
Performer,00_0_0148,Capsule,,1,Increases Blast by 5% for 30 seconds after using an emote for 1.5+ seconds.
Dragon Heart,00_0_0149,Capsule,,3,Recovers 25% of Skill gauge after dodging a Blast or Ultimate Blast with High-Speed Movement.
King Kai Training,00_0_0150,Capsule,,3,"Increases maximum health by 5,000 HP (half a bar)."
God of Destruction Training,00_0_0151,Capsule,,5,"Increases maximum health by 7,500 HP (3/4 of a bar)."
Almighty Boost,00_0_0152,Capsule,,5,"Increases Rush Attack damage by 2.5%. 
Increases Smash Attack damage by 2.5%. 
Increases Rush Chain damage by 2.5%. 
Increases Rush Ki Blast damage by 2.5%. 
Increases Smash Ki Blast damage by 2.5%."
Super Sparking!,00_0_0153,Capsule,,4,"Increases Rush Attack damage by 5% during Sparking Mode. 
Reduces Sparking Mode gauge decrease speed by 5%."
Brolys Ring,00_0_0155,Capsule,,1,Prevents Transformations and Fusions during battle
Balanced Strategy: Melee,00_7_0000,AI,,,
Balanced Strategy: Ki Blasts,00_7_0001,AI,,,
Balanced Strategy: Sparking!,00_7_0002,AI,,,
Attack Strategy: Combos,00_7_0003,AI,,,
Defense Strategy: Counters,00_7_0004,AI,,,
Balanced Strategy: Restrain,00_7_0005,AI,,,
Defense Strategy: Blasts,00_7_0006,AI,,,
Attack Strategy: Ultimate Blasts,00_7_0007,AI,,,
Defense Strategy: Gauge Recovery,00_7_0008,AI,,,
Balanced Strategy: Blasts,00_7_0009,AI,,,
Defense Strategy: Skills,00_7_0010,AI,,,
Attack Strategy: Barrage,00_7_0011,AI,,,
Balanced Strategy: Movement,00_7_0012,AI,,,
Attack Strategy: Evasion,00_7_0013,AI,,,
Attack Strategy: Vanishing,00_7_0014,AI,,,
Outfit 1,00_1_0000_0000_00,Costume,Goku (Z - Early),,
Outfit 1,00_1_0000_0000_10,Costume,Goku (Z - Mid),,
Outfit 1,00_1_0000_0000_11,Costume,Goku (Z - Mid) Super Saiyan,,
Outfit 1,00_1_0000_0000_20,Costume,Goku (Z - End),,
Outfit 1,00_1_0000_0000_21,Costume,Goku (Z - End) Super Saiyan,,
Outfit 1,00_1_0000_0000_22,Costume,Goku (Z - End) Super Saiyan 2,,
Outfit 1,00_1_0000_0000_23,Costume,Goku (Z - End) Super Saiyan 3,,
Outfit 1,00_1_0000_0000_33,Costume,Goku (GT) Super Saiyan 4,,
Outfit 1,00_1_0000_0000_40,Costume,Goku (Super),,
Outfit 1,00_1_0000_0000_41,Costume,Goku (Super) Super Saiyan,,
Outfit 1,00_1_0000_0000_43,Costume,Goku (Super) Super Saiyan God Super Saiyan,,
Outfit 1,00_1_0000_0000_50,Costume,Goku (Super) Ultra Instinct -Sign-,,
Outfit 1,00_1_0000_0000_51,Costume,Goku (Super) Ultra Instinct,,
Outfit 1,00_1_0000_0001_42,Costume,Goku (Super) Super Saiyan God,,
Outfit 1,00_1_0000_0002_30,Costume,Goku (GT),,
Outfit 1,00_1_0000_0002_31,Costume,Goku (GT) Super Saiyan,,
Outfit 1,00_1_0000_0002_32,Costume,Goku (GT) Super Saiyan 3,,
Outfit 1,00_1_0000_0002_50,Costume,Goku (Teen),,
Outfit 1,00_1_0000_0020_00,Costume,Vegeta (Z - Scouter),,
Outfit 1,00_1_0000_0020_10,Costume,Vegeta (Z - Early),,
Outfit 1,00_1_0000_0020_11,Costume,Vegeta (Z - Early) Super Saiyan,,
Outfit 1,00_1_0000_0020_30,Costume,Vegeta (Z - End),,
Outfit 1,00_1_0000_0020_31,Costume,Vegeta (Z - End) Super Saiyan,,
Outfit 1,00_1_0000_0020_32,Costume,Vegeta (Z - End) Super Saiyan 2,,
Outfit 1,00_1_0000_0020_40,Costume,Majin Vegeta,,
Outfit 1,00_1_0000_0020_50,Costume,Vegeta (GT) Super Saiyan 4,,
Outfit 1,00_1_0000_0020_60,Costume,Vegeta (Super),,
Outfit 1,00_1_0000_0020_61,Costume,Vegeta (Super) Super Saiyan,,
Outfit 1,00_1_0000_0020_63,Costume,Vegeta (Super) Super Saiyan God Super Saiyan,,
Outfit 1,00_1_0000_0021_20,Costume,Super Vegeta,,
Outfit 1,00_1_0000_0022_62,Costume,Vegeta (Super) Super Saiyan God,,
Outfit 1,00_1_0000_0023_00,Costume,Great Ape Vegeta,,
Outfit 1,00_1_0000_0030_00,Costume,Gohan (Kid),,
Outfit 1,00_1_0000_0031_00,Costume,Gohan (Teen),,
Outfit 1,00_1_0000_0031_01,Costume,Gohan (Teen) Super Saiyan,,
Outfit 1,00_1_0000_0031_02,Costume,Gohan (Teen) Super Saiyan 2,,
Outfit 1,00_1_0000_0032_00,Costume,Gohan (Adult),,
Outfit 1,00_1_0000_0032_01,Costume,Gohan (Adult) Super Saiyan,,
Outfit 1,00_1_0000_0032_02,Costume,Gohan (Adult) Super Saiyan 2,,
Outfit 1,00_1_0000_0032_10,Costume,Great Saiyaman,,
Outfit 1,00_1_0000_0032_20,Costume,Ultimate Gohan,,
Outfit 1,00_1_0000_0032_30,Costume,Gohan (Future),,
Outfit 1,00_1_0000_0032_31,Costume,Gohan (Future) Super Saiyan,,
Outfit 1,00_1_0000_0040_00,Costume,Piccolo,,
Outfit 1,00_1_0000_0040_10,Costume,Piccolo (Fused with Kami),,
Outfit 1,00_1_0000_0040_20,Costume,Nail,,
Outfit 1,00_1_0000_0050_00,Costume,Krillin,,
Outfit 1,00_1_0000_0060_00,Costume,Yamcha,,
Outfit 1,00_1_0000_0070_00,Costume,Tien,,
Outfit 1,00_1_0000_0080_00,Costume,Trunks (Sword),,
Outfit 1,00_1_0000_0080_01,Costume,Trunks (Sword) Super Saiyan,,
Outfit 1,00_1_0000_0080_10,Costume,Trunks (Melee),,
Outfit 1,00_1_0000_0080_11,Costume,Trunks (Melee) Super Saiyan,,
Outfit 1,00_1_0000_0080_30,Costume,Future Trunks,,
Outfit 1,00_1_0000_0080_31,Costume,Future Trunks Super Saiyan,,
Outfit 1,00_1_0000_0081_20,Costume,Super Trunks,,
Outfit 1,00_1_0000_0082_00,Costume,Trunks (Kid),,
Outfit 1,00_1_0000_0082_01,Costume,Trunks (Kid) Super Saiyan,,
Outfit 1,00_1_0000_0090_00,Costume,Goten,,
Outfit 1,00_1_0000_0090_01,Costume,Goten Super Saiyan,,
Outfit 1,00_1_0000_0100_00,Costume,Vegito,,
Outfit 1,00_1_0000_0100_01,Costume,Super Vegito,,
Outfit 1,00_1_0000_0100_02,Costume,Vegito Super Saiyan God Super Saiyan,,
Outfit 1,00_1_0000_0110_00,Costume,Gogeta (Super),,
Outfit 1,00_1_0000_0110_01,Costume,Gogeta (Super) Super Saiyan,,
Outfit 1,00_1_0000_0110_02,Costume,Gogeta (GT) Super Saiyan 4,,
Outfit 1,00_1_0000_0110_03,Costume,Gogeta (Super) Super Saiyan God Super Saiyan,,
Outfit 1,00_1_0000_0110_04,Costume,Super Gogeta (Z),,
Outfit 1,00_1_0000_0120_00,Costume,Gotenks,,
Outfit 1,00_1_0000_0120_01,Costume,Gotenks Super Saiyan,,
Outfit 1,00_1_0000_0120_02,Costume,Gotenks Super Saiyan 3,,
Outfit 1,00_1_0000_0130_00,Costume,Videl,,
Outfit 1,00_1_0000_0140_00,Costume,Master Roshi,,
Outfit 1,00_1_0000_0141_00,Costume,Master Roshi Full Power,,
Outfit 1,00_1_0000_0150_00,Costume,Frieza (Z) 1st Form,,
Outfit 1,00_1_0000_0151_00,Costume,Frieza (Z) 2nd Form,,
Outfit 1,00_1_0000_0152_00,Costume,Frieza (Z) 3rd Form,,
Outfit 1,00_1_0000_0153_00,Costume,Frieza (Z) 4th Form,,
Outfit 1,00_1_0000_0153_10,Costume,Mecha Frieza,,
Outfit 1,00_1_0000_0153_20,Costume,Frieza (Super),,
Outfit 1,00_1_0000_0154_00,Costume,Frieza (Z) Full Power,,
Outfit 1,00_1_0000_0155_00,Costume,Golden Frieza,,
Outfit 1,00_1_0000_0160_00,Costume,Cell 1st Form,,
Outfit 1,00_1_0000_0161_00,Costume,Cell 2nd Form,,
Outfit 1,00_1_0000_0162_00,Costume,Cell Perfect Form,,
Outfit 1,00_1_0000_0162_01,Costume,Perfect Cell,,
Outfit 1,00_1_0000_0163_00,Costume,Cell Jr.,,
Outfit 1,00_1_0000_0170_00,Costume,Majin Buu,,
Outfit 1,00_1_0000_0171_00,Costume,Majin Buu (Evil),,
Outfit 1,00_1_0000_0172_00,Costume,Super Buu,,
Outfit 1,00_1_0000_0172_10,Costume,Super Buu (Gotenks Absorbed),,
Outfit 1,00_1_0000_0172_11,Costume,Super Buu (Gohan Absorbed),,
Outfit 1,00_1_0000_0173_00,Costume,Kid Buu,,
Outfit 1,00_1_0000_0180_00,Costume,Mr. Satan,,
Outfit 1,00_1_0000_0190_00,Costume,Chiaotzu,,
Outfit 1,00_1_0000_0210_00,Costume,Yajirobe,,
Outfit 1,00_1_0000_0230_00,Costume,Pan (GT),,
Outfit 1,00_1_0000_0240_00,Costume,Uub (GT),,
Outfit 1,00_1_0000_0240_01,Costume,Majuub (GT),,
Outfit 1,00_1_0000_0310_00,Costume,Bardock,,
Outfit 1,00_1_0000_0320_00,Costume,Raditz,,
Outfit 1,00_1_0000_0330_00,Costume,Saibaman,,
Outfit 1,00_1_0000_0340_00,Costume,Nappa,,
Outfit 1,00_1_0000_0350_00,Costume,Zarbon,,
Outfit 1,00_1_0000_0351_00,Costume,Super Zarbon,,
Outfit 1,00_1_0000_0360_00,Costume,Dodoria,,
Outfit 1,00_1_0000_0370_00,Costume,Cui,,
Outfit 1,00_1_0000_0380_00,Costume,Captain Ginyu,,
Outfit 1,00_1_0000_0390_00,Costume,Recoome,,
Outfit 1,00_1_0000_0400_00,Costume,Burter,,
Outfit 1,00_1_0000_0410_00,Costume,Jeice,,
Outfit 1,00_1_0000_0420_00,Costume,Guldo,,
Outfit 1,00_1_0000_0430_00,Costume,King Cold,,
Outfit 1,00_1_0000_0440_00,Costume,Android 16,,
Outfit 1,00_1_0000_0450_00,Costume,Android 17 (Z),,
Outfit 1,00_1_0000_0450_10,Costume,Android 17 (Super),,
Outfit 1,00_1_0000_0460_00,Costume,Android 18,,
Outfit 1,00_1_0000_0470_00,Costume,Android 19,,
Outfit 1,00_1_0000_0480_00,Costume,Dr. Gero,,
Outfit 1,00_1_0000_0490_00,Costume,Babidi,,
Outfit 1,00_1_0000_0500_00,Costume,Dabura,,
Outfit 1,00_1_0000_0540_00,Costume,Frieza Force Soldier,,
Outfit 1,00_1_0000_0550_00,Costume,Broly (Z),,
Outfit 1,00_1_0000_0551_00,Costume,Broly (Z) Super Saiyan,,
Outfit 1,00_1_0000_0552_00,Costume,Broly (Z) Legendary Super Saiyan,,
Outfit 1,00_1_0000_0553_00,Costume,Broly (Super),,
Outfit 1,00_1_0000_0554_00,Costume,Broly (Super) Super Saiyan,,
Outfit 1,00_1_0000_0555_00,Costume,Broly (Super) Super Saiyan (Full Power),,
Outfit 1,00_1_0000_0561_00,Costume,Super Garlic Jr.,,
Outfit 1,00_1_0000_0570_00,Costume,Dr. Wheelo,,
Outfit 1,00_1_0000_0580_00,Costume,Turles,,
Outfit 1,00_1_0000_0590_00,Costume,Lord Slug,,
Outfit 1,00_1_0000_0591_00,Costume,Lord Slug Giant Form,,
Outfit 1,00_1_0000_0600_00,Costume,Cooler,,
Outfit 1,00_1_0000_0600_10,Costume,Metal Cooler,,
Outfit 1,00_1_0000_0601_00,Costume,Cooler Final Form,,
Outfit 1,00_1_0000_0620_00,Costume,Android 13,,
Outfit 1,00_1_0000_0621_00,Costume,Fusion Android 13,,
Outfit 1,00_1_0000_0630_00,Costume,Bojack,,
Outfit 1,00_1_0000_0631_00,Costume,Full-Power Bojack,,
Outfit 1,00_1_0000_0650_00,Costume,Janemba,,
Outfit 1,00_1_0000_0651_00,Costume,Super Janemba,,
Outfit 1,00_1_0000_0660_00,Costume,Tapion,,
Outfit 1,00_1_0000_0670_00,Costume,Hirudegarn,,
Outfit 1,00_1_0000_0680_00,Costume,Baby Vegeta (GT),,
Outfit 1,00_1_0000_0680_01,Costume,Super Baby 1 (GT),,
Outfit 1,00_1_0000_0680_02,Costume,Super Baby 2 (GT),,
Outfit 1,00_1_0000_0681_00,Costume,Great Ape Baby (GT),,
Outfit 1,00_1_0000_0700_00,Costume,Syn Shenron (GT),,
Outfit 1,00_1_0000_0700_01,Costume,Omega Shenron (GT),,
Outfit 1,00_1_0000_0760_00,Costume,Spopovich,,
Outfit 1,00_1_0000_0780_00,Costume,Beerus,,
Outfit 1,00_1_0000_0790_00,Costume,Whis,,
Outfit 1,00_1_0000_0800_00,Costume,Goku Black,,
Outfit 1,00_1_0000_0800_01,Costume,Goku Black Super Saiyan Rosé,,
Outfit 1,00_1_0000_0810_00,Costume,Zamasu,,
Outfit 1,00_1_0000_0810_01,Costume,Fused Zamasu,,
Outfit 1,00_1_0000_0811_00,Costume,Fused Zamasu Half-Corrupted,,
Outfit 1,00_1_0000_0870_00,Costume,Hit,,
Outfit 1,00_1_0000_0881_00,Costume,Frost,,
Outfit 1,00_1_0000_0890_00,Costume,Cabba,,
Outfit 1,00_1_0000_0890_01,Costume,Cabba Super Saiyan,,
Outfit 1,00_1_0000_0890_02,Costume,Cabba Super Saiyan 2,,
Outfit 1,00_1_0000_0900_00,Costume,Caulifla,,
Outfit 1,00_1_0000_0900_02,Costume,Caulifla Super Saiyan 2,,
Outfit 1,00_1_0000_0910_00,Costume,Kale,,
Outfit 1,00_1_0000_0911_00,Costume,Kale Super Saiyan (Berserk),,
Outfit 1,00_1_0000_0912_00,Costume,Kale Super Saiyan,,
Outfit 1,00_1_0000_0920_00,Costume,Kefla,,
Outfit 1,00_1_0000_0920_01,Costume,Kefla Super Saiyan,,
Outfit 1,00_1_0000_0920_02,Costume,Kefla Super Saiyan 2,,
Outfit 1,00_1_0000_0930_00,Costume,Jiren,,
Outfit 1,00_1_0000_0931_00,Costume,Jiren Full Power,,
Outfit 1,00_1_0000_0940_00,Costume,Toppo,,
Outfit 1,00_1_0000_0941_00,Costume,Toppo God of Destruction,,
Outfit 1,00_1_0000_0950_00,Costume,Dyspo,,
Outfit 1,00_1_0000_1190_00,Costume,Bergamo,,
Outfit 1,00_1_0000_1321_00,Costume,Ribrianne,,
Outfit 1,00_1_0000_1331_00,Costume,Kakunsa,,
Outfit 1,00_1_0000_1341_00,Costume,Roasie,,
Outfit 1,00_1_0000_1500_00,Costume,Anilaza,,
Outfit 1,00_1_0000_2230_00,Costume,Gohan Black,,
Outfit 1,00_1_0000_2230_01,Costume,Ultimate Gohan Black,,
Outfit 1,00_1_0000_3050_00,Costume,Goku (Mini),,
Outfit 2,00_1_0001_0000_00,Costume,Goku (Z - Early),,
Outfit 2,00_1_0001_0000_10,Costume,Goku (Z - Mid),,
Outfit 2,00_1_0001_0000_11,Costume,Goku (Z - Mid) Super Saiyan,,
Outfit 2,00_1_0001_0000_20,Costume,Goku (Z - End),,
Outfit 2,00_1_0001_0000_21,Costume,Goku (Z - End) Super Saiyan,,
Outfit 2,00_1_0001_0000_22,Costume,Goku (Z - End) Super Saiyan 2,,
Outfit 2,00_1_0001_0000_23,Costume,Goku (Z - End) Super Saiyan 3,,
Outfit 2,00_1_0001_0000_40,Costume,Goku (Super),,
Outfit 2,00_1_0001_0000_41,Costume,Goku (Super) Super Saiyan,,
Outfit 2,00_1_0001_0000_43,Costume,Goku (Super) Super Saiyan God Super Saiyan,,
Outfit 2,00_1_0001_0000_50,Costume,Goku (Super) Ultra Instinct -Sign-,,
Outfit 2,00_1_0001_0000_51,Costume,Goku (Super) Ultra Instinct,,
Outfit 2,00_1_0001_0001_42,Costume,Goku (Super) Super Saiyan God,,
Outfit 2,00_1_0001_0020_00,Costume,Vegeta (Z - Scouter),,
Outfit 2,00_1_0001_0020_10,Costume,Vegeta (Z - Early),,
Outfit 2,00_1_0001_0020_11,Costume,Vegeta (Z - Early) Super Saiyan,,
Outfit 2,00_1_0001_0020_30,Costume,Vegeta (Z - End),,
Outfit 2,00_1_0001_0020_31,Costume,Vegeta (Z - End) Super Saiyan,,
Outfit 2,00_1_0001_0020_32,Costume,Vegeta (Z - End) Super Saiyan 2,,
Outfit 2,00_1_0001_0020_40,Costume,Majin Vegeta,,
Outfit 2,00_1_0001_0020_60,Costume,Vegeta (Super),,
Outfit 2,00_1_0001_0020_61,Costume,Vegeta (Super) Super Saiyan,,
Outfit 2,00_1_0001_0020_63,Costume,Vegeta (Super) Super Saiyan God Super Saiyan,,
Outfit 2,00_1_0001_0021_20,Costume,Super Vegeta,,
Outfit 2,00_1_0001_0022_62,Costume,Vegeta (Super) Super Saiyan God,,
Outfit 2,00_1_0001_0023_00,Costume,Great Ape Vegeta,,
Outfit 2,00_1_0001_0030_00,Costume,Gohan (Kid),,
Outfit 2,00_1_0001_0031_00,Costume,Gohan (Teen),,
Outfit 2,00_1_0001_0031_01,Costume,Gohan (Teen) Super Saiyan,,
Outfit 2,00_1_0001_0031_02,Costume,Gohan (Teen) Super Saiyan 2,,
Outfit 2,00_1_0001_0032_00,Costume,Gohan (Adult),,
Outfit 2,00_1_0001_0032_01,Costume,Gohan (Adult) Super Saiyan,,
Outfit 2,00_1_0001_0032_02,Costume,Gohan (Adult) Super Saiyan 2,,
Outfit 2,00_1_0001_0032_10,Costume,Great Saiyaman,,
Outfit 2,00_1_0001_0040_00,Costume,Piccolo,,
Outfit 2,00_1_0001_0040_10,Costume,Piccolo (Fused with Kami),,
Outfit 2,00_1_0001_0050_00,Costume,Krillin,,
Outfit 2,00_1_0001_0060_00,Costume,Yamcha,,
Outfit 2,00_1_0001_0070_00,Costume,Tien,,
Outfit 2,00_1_0001_0080_30,Costume,Future Trunks,,
Outfit 2,00_1_0001_0080_31,Costume,Future Trunks Super Saiyan,,
Outfit 2,00_1_0001_0140_00,Costume,Master Roshi,,
Outfit 2,00_1_0001_0141_00,Costume,Master Roshi Full Power,,
Outfit 2,00_1_0001_0310_00,Costume,Bardock,,
Outfit 2,00_1_0001_0340_00,Costume,Nappa,,
Outfit 2,00_1_0001_0390_00,Costume,Recoome,,
Outfit 2,00_1_0001_0450_10,Costume,Android 17 (Super),,
Outfit 2,00_1_0001_0460_00,Costume,Android 18,,
Outfit 2,00_1_0001_0540_00,Costume,Frieza Force Soldier,,
For Events??,00_1_0001_0790_00,Costume,Whis,,
Outfit 1,00_1_0001_0810_01,Costume,Fused Zamasu,,
Outfit 1,00_1_0001_0811_00,Costume,Fused Zamasu Half-Corrupted,,
Outfit 2,00_1_0001_0931_00,Costume,Jiren Full Power,,
Outfit 2,00_1_0001_0940_00,Costume,Toppo,,
Outfit 3,00_1_0002_0000_00,Costume,Goku (Z - Early),,
Outfit 3,00_1_0002_0000_10,Costume,Goku (Z - Mid),,
Outfit 3,00_1_0002_0000_11,Costume,Goku (Z - Mid) Super Saiyan,,
Outfit 3,00_1_0002_0000_20,Costume,Goku (Z - End),,
Outfit 3,00_1_0002_0000_21,Costume,Goku (Z - End) Super Saiyan,,
Outfit 3,00_1_0002_0000_22,Costume,Goku (Z - End) Super Saiyan 2,,
Outfit 3,00_1_0002_0000_23,Costume,Goku (Z - End) Super Saiyan 3,,
Outfit 3,00_1_0002_0000_40,Costume,Goku (Super),,
Outfit 3,00_1_0002_0000_41,Costume,Goku (Super) Super Saiyan,,
Outfit 3,00_1_0002_0000_43,Costume,Goku (Super) Super Saiyan God Super Saiyan,,
Outfit 3,00_1_0002_0000_50,Costume,Goku (Super) Ultra Instinct -Sign-,,
Outfit 3,00_1_0002_0000_51,Costume,Goku (Super) Ultra Instinct,,
Outfit 3,00_1_0002_0001_42,Costume,Goku (Super) Super Saiyan God,,
Outfit 3,00_1_0002_0020_00,Costume,Vegeta (Z - Scouter),,
Outfit 3,00_1_0002_0020_10,Costume,Vegeta (Z - Early),,
Outfit 3,00_1_0002_0020_11,Costume,Vegeta (Z - Early) Super Saiyan,,
Outfit 3,00_1_0002_0020_30,Costume,Vegeta (Z - End),,
Outfit 3,00_1_0002_0020_31,Costume,Vegeta (Z - End) Super Saiyan,,
Outfit 3,00_1_0002_0020_32,Costume,Vegeta (Z - End) Super Saiyan 2,,
Outfit 3,00_1_0002_0020_60,Costume,Vegeta (Super),,
Outfit 3,00_1_0002_0020_61,Costume,Vegeta (Super) Super Saiyan,,
Outfit 3,00_1_0002_0020_63,Costume,Vegeta (Super) Super Saiyan God Super Saiyan,,
Outfit 3,00_1_0002_0021_20,Costume,Super Vegeta,,
Outfit 3,00_1_0002_0022_62,Costume,Vegeta (Super) Super Saiyan God,,
Outfit 3,00_1_0002_0023_00,Costume,Great Ape Vegeta,,
Outfit 3,00_1_0002_0030_00,Costume,Gohan (Kid),,
Outfit 3,00_1_0002_0031_00,Costume,Gohan (Teen),,
Outfit 3,00_1_0002_0031_01,Costume,Gohan (Teen) Super Saiyan,,
Outfit 3,00_1_0002_0031_02,Costume,Gohan (Teen) Super Saiyan 2,,
Outfit 3,00_1_0002_0032_00,Costume,Gohan (Adult),,
Outfit 3,00_1_0002_0032_01,Costume,Gohan (Adult) Super Saiyan,,
Outfit 3,00_1_0002_0032_02,Costume,Gohan (Adult) Super Saiyan 2,,
Outfit 2,00_1_0002_0032_20,Costume,Ultimate Gohan,,
Outfit 3,00_1_0002_0040_00,Costume,Piccolo,,
Outfit 3,00_1_0002_0040_10,Costume,Piccolo (Fused with Kami),,
Outfit 3,00_1_0002_0050_00,Costume,Krillin,,
Outfit 3,00_1_0002_0060_00,Costume,Yamcha,,
Outfit 3,00_1_0002_0070_00,Costume,Tien,,
Outfit 2,00_1_0002_0080_00,Costume,Trunks (Sword),,
Outfit 2,00_1_0002_0080_01,Costume,Trunks (Sword) Super Saiyan,,
Outfit 3,00_1_0002_0080_10,Costume,Trunks (Melee),,
Outfit 3,00_1_0002_0080_11,Costume,Trunks (Melee) Super Saiyan,,
Outfit 2,00_1_0002_0130_00,Costume,Videl,,
Outfit 3,00_1_0002_0460_00,Costume,Android 18,,
Outfit 4,00_1_0003_0000_10,Costume,Goku (Z - Mid),,
Outfit 4,00_1_0003_0000_11,Costume,Goku (Z - Mid) Super Saiyan,,
Outfit 4,00_1_0003_0000_40,Costume,Goku (Super),,
Outfit 4,00_1_0003_0000_41,Costume,Goku (Super) Super Saiyan,,
Outfit 4,00_1_0003_0000_43,Costume,Goku (Super) Super Saiyan God Super Saiyan,,
Outfit 4,00_1_0003_0001_42,Costume,Goku (Super) Super Saiyan God,,
Outfit 4,00_1_0003_0020_00,Costume,Vegeta (Z - Scouter),,
Outfit 4,00_1_0003_0020_10,Costume,Vegeta (Z - Early),,
Outfit 4,00_1_0003_0020_11,Costume,Vegeta (Z - Early) Super Saiyan,,
Outfit 4,00_1_0003_0020_60,Costume,Vegeta (Super),,
Outfit 4,00_1_0003_0020_61,Costume,Vegeta (Super) Super Saiyan,,
Outfit 4,00_1_0003_0020_63,Costume,Vegeta (Super) Super Saiyan God Super Saiyan,,
Outfit 4,00_1_0003_0021_20,Costume,Super Vegeta,,
Outfit 4,00_1_0003_0022_62,Costume,Vegeta (Super) Super Saiyan God,,
Outfit 4,00_1_0003_0023_00,Costume,Great Ape Vegeta,,
Outfit 4,00_1_0003_0031_00,Costume,Gohan (Teen),,
Outfit 4,00_1_0003_0031_01,Costume,Gohan (Teen) Super Saiyan,,
Outfit 4,00_1_0003_0031_02,Costume,Gohan (Teen) Super Saiyan 2,,
Outfit 4,00_1_0003_0032_00,Costume,Gohan (Adult),,
Outfit 4,00_1_0003_0032_01,Costume,Gohan (Adult) Super Saiyan,,
Outfit 4,00_1_0003_0032_02,Costume,Gohan (Adult) Super Saiyan 2,,
Outfit 3,00_1_0003_0140_00,Costume,Master Roshi,,
Outfit 3,00_1_0003_0141_00,Costume,Master Roshi Full Power,,
Outfit 4,00_1_0003_0460_00,Costume,Android 18,,
Outfit 4,00_1_0004_0000_00,Costume,Goku (Z - Early),,
Outfit 5,00_1_0004_0000_40,Costume,Goku (Super),,
Outfit 5,00_1_0004_0000_41,Costume,Goku (Super) Super Saiyan,,
Outfit 5,00_1_0004_0000_43,Costume,Goku (Super) Super Saiyan God Super Saiyan,,
Outfit 4,00_1_0004_0000_50,Costume,Goku (Super) Ultra Instinct -Sign-,,
Outfit 4,00_1_0004_0000_51,Costume,Goku (Super) Ultra Instinct,,
Outfit 5,00_1_0004_0001_42,Costume,Goku (Super) Super Saiyan God,,
Outfit 5,00_1_0004_0020_10,Costume,Vegeta (Z - Early),,
Outfit 5,00_1_0004_0020_11,Costume,Vegeta (Z - Early) Super Saiyan,,
Outfit 5,00_1_0004_0032_00,Costume,Gohan (Adult),,
Outfit 5,00_1_0004_0032_01,Costume,Gohan (Adult) Super Saiyan,,
Outfit 5,00_1_0004_0032_02,Costume,Gohan (Adult) Super Saiyan 2,,
Outfit 4,00_1_0004_0050_00,Costume,Krillin,,
Outfit 4,00_1_0004_0070_00,Costume,Tien,,
Outfit 4,00_1_0004_0140_00,Costume,Master Roshi,,
Outfit 4,00_1_0004_0141_00,Costume,Master Roshi Full Power,,
Outfit 5,00_1_0004_0460_00,Costume,Android 18,,
Outfit 5,00_1_0005_0000_00,Costume,Goku (Z - Early),,
Outfit 5,00_1_0005_0000_10,Costume,Goku (Z - Mid),,
Outfit 5,00_1_0005_0000_11,Costume,Goku (Z - Mid) Super Saiyan,,
Outfit 6,00_1_0005_0000_40,Costume,Goku (Super),,
Outfit 6,00_1_0005_0000_41,Costume,Goku (Super) Super Saiyan,,
Outfit 6,00_1_0005_0000_43,Costume,Goku (Super) Super Saiyan God Super Saiyan,,
Outfit 5,00_1_0005_0000_50,Costume,Goku (Super) Ultra Instinct -Sign-,,
Outfit 5,00_1_0005_0000_51,Costume,Goku (Super) Ultra Instinct,,
Outfit 6,00_1_0005_0001_42,Costume,Goku (Super) Super Saiyan God,,
Outfit 6,00_1_0005_0020_10,Costume,Vegeta (Z - Early),,
Outfit 6,00_1_0005_0020_11,Costume,Vegeta (Z - Early) Super Saiyan,,
Outfit 7,00_1_0006_0000_40,Costume,Goku (Super),,
Outfit 7,00_1_0006_0000_41,Costume,Goku (Super) Super Saiyan,,
Outfit 7,00_1_0006_0000_43,Costume,Goku (Super) Super Saiyan God Super Saiyan,,
Outfit 6,00_1_0006_0000_50,Costume,Goku (Super) Ultra Instinct -Sign-,,
Outfit 6,00_1_0006_0000_51,Costume,Goku (Super) Ultra Instinct,,
Outfit 7,00_1_0006_0001_42,Costume,Goku (Super) Super Saiyan God,,
Outfit 8,00_1_0007_0000_40,Costume,Goku (Super),,
Outfit 8,00_1_0007_0000_41,Costume,Goku (Super) Super Saiyan,,
Outfit 8,00_1_0007_0000_43,Costume,Goku (Super) Super Saiyan God Super Saiyan,,
Outfit 8,00_1_0007_0001_42,Costume,Goku (Super) Super Saiyan God,,
Impartial Justice,00_6_0000,Sparking BGM,,,
Dreadful Villain,00_6_0001,Sparking BGM,,,
Morally Gray,00_6_0202,Sparking BGM,,,
Divine Judgment,00_6_0203,Sparking BGM,,,
Effortless Delights,00_6_0204,Sparking BGM,,,
Malicious Intent,00_6_0205,Sparking BGM,,,
Ultimate Survivor,00_6_0206,Sparking BGM,,,
Absolute Domination,00_6_0207,Sparking BGM,,,
Swirling Chaos,00_6_0208,Sparking BGM,,,
Fighting Spirit,00_6_1000,Sparking BGM,,,
Ultra Instinct,00_6_1001,Sparking BGM,,,
Let's Rock!,00_6_1002,Sparking BGM,,,
Ultimate Fusion,00_6_1003,Sparking BGM,,,
Ego above All,00_6_1004,Sparking BGM,,,
Evolution,00_6_1005,Sparking BGM,,,
Super Earthling,00_6_1006,Sparking BGM,,,
Hidden Potential,00_6_1007,Sparking BGM,,,
Awakened Child,00_6_1008,Sparking BGM,,,
Next-Gen Hero,00_6_1009,Sparking BGM,,,
Hidden Power Unleashed,00_6_1010,Sparking BGM,,,
Beyond Good and Evil,00_6_1011,Sparking BGM,,,
Hope for the Future,00_6_1012,Sparking BGM,,,
Lone Wolf,00_6_1013,Sparking BGM,,,
Monk-in-Training,00_6_1014,Sparking BGM,,,
Master,00_6_1015,Sparking BGM,,,
Reign of Terror,00_6_1016,Sparking BGM,,,
Ruler of Fear,00_6_1017,Sparking BGM,,,
The Most Malevolent Ever,00_6_1018,Sparking BGM,,,
Ultimate Cells,00_6_1019,Sparking BGM,,,
Ceaseless Terror,00_6_1020,Sparking BGM,,,
Innocent Assault,00_6_1021,Sparking BGM,,,
Divine Grudge,00_6_1022,Sparking BGM,,,
Black Roses,00_6_1023,Sparking BGM,,,
The Immortal Divine,00_6_1024,Sparking BGM,,,
Strength Is Justice,00_6_1025,Sparking BGM,,,
Nothing to Lose,00_6_1026,Sparking BGM,,,
Super Saiyan,00_6_1027,Sparking BGM,,,
True Form,00_6_1028,Sparking BGM,,,
Great Ape,00_6_1029,Sparking BGM,,,
Within the Light,00_6_1030,Sparking BGM,,,
Evil United,00_6_1031,Sparking BGM,,,
Pride Troopers,00_6_1032,Sparking BGM,,,
God of Destruction,00_6_1033,Sparking BGM,,,
Hero of Justice,00_6_1034,Sparking BGM,,,
Malice,00_6_1035,Sparking BGM,,,
Strangely Innocent,00_6_1036,Sparking BGM,,,
Strangely Evil,00_6_1037,Sparking BGM,,,
Slapstick Heroes,00_6_1038,Sparking BGM,,,
Berserker,00_6_1039,Sparking BGM,,,
Realm of the Gods,00_6_1040,Sparking BGM,,,
Valkyrie,00_6_1041,Sparking BGM,,,
The Power of Love,00_6_1042,Sparking BGM,,,
Cruel Galaxy,00_6_1043,Sparking BGM,,,
Legendary Warrior,00_6_1044,Sparking BGM,,,
Genkai Toppa X Survivor,00_6_1100,Sparking BGM,,,
CHA-LA HEAD-CHA-LA,00_6_2000,Sparking BGM,,,
WE GOTTA POWER,00_6_2001,Sparking BGM,,,
KYOUFUNO GINYUU TOKUSENTAI,00_6_2002,Sparking BGM,,,
SHIO YOBU CELL GAME,00_6_2003,Sparking BGM,,,
AKUMA NO BROLY,00_6_2004,Sparking BGM,,,
Day of Destiny -Soul vs Soul-,00_6_2005,Sparking BGM,,,
SEIGIO AISURU MONO,00_6_2006,Sparking BGM,,,
Cho-Zets☆Dynamic!,00_6_2007,Sparking BGM,,,
Champa's Theme,00_6_2008,Sparking BGM,,,
Kyuukyokuno Battle(Instrumental),00_6_2009,Sparking BGM,,,
Hand-To-Hand Battle,00_6_2010,Sparking BGM,,,
MAKAFUSHIGI ADVENTURE!,00_6_2011,Sparking BGM,,,
Orewa Kakarot,00_6_2012,Sparking BGM,,,
Broly Sentoukaishi,00_6_2013,Sparking BGM,,,
SAIKYOU NO FUSION,00_6_2014,Sparking BGM,,,
Solid State Scouter,00_6_2015,Sparking BGM,,,
DAN DAN KOKORO HIKARETEKU,00_6_2016,Sparking BGM,,,
DRAGON BALL SUPER -BROLY- Theme,00_6_2017,Sparking BGM,,,
Blizzard,00_6_2018,Sparking BGM,,,
PROLOGUE & SUBTITLE 1,00_6_2019,Sparking BGM,,,
PROLOGUE & SUBTITLE 2,00_6_2020,Sparking BGM,,,
CHA-LA HEAD-CHA-LA (Days of Battle),00_6_2021,Sparking BGM,,,
YAPPARI SAIKYO SONGOKU!! (WE GOTTA POWER),00_6_2022,Sparking BGM,,,
